id,name,image,image_path
595004,K Verreynne,/db/PICTURES/CMS/317900/317952.jpg,595004
485676,KD Petersen,/db/PICTURES/CMS/324700/324708.1.jpg,485676
698143,L Sipamla,/db/PICTURES/CMS/317900/317950.jpg,698143
379927,BE Hendricks,/db/PICTURES/CMS/317900/317967.jpg,379927
327947,D Paterson,/db/PICTURES/CMS/297300/297366.1.jpg,327947
277390,PJ Malan,/db/PICTURES/CMS/297500/297550.1.jpg,277390
337790,HE van der Dussen,/db/PICTURES/CMS/317900/317946.jpg,337790
327830,D Pretorius,/db/PICTURES/CMS/317900/317962.jpg,327830
481875,GF Linde,/db/PICTURES/CMS/317900/317960.jpg,481875
436757,H Klaasen,/db/PICTURES/CMS/317900/317958.jpg,436757
481979,A Nortje,/db/PICTURES/CMS/317900/317968.jpg,481979
535393,S Muthusamy,/db/PICTURES/CMS/315300/315335.jpg,535393
698189,PWA Mulder,/db/PICTURES/CMS/317900/317942.jpg,698189
550187,Zubayr Hamza,/db/PICTURES/CMS/297500/297553.1.jpg,550187
542023,L Ngidi,/db/PICTURES/CMS/317900/317951.jpg,542023
540316,AL Phehlukwayo,/db/PICTURES/CMS/317900/317969.jpg,540316
600498,AK Markram,/db/PICTURES/CMS/317900/317970.jpg,600498
45955,HG Kuhn,/db/PICTURES/CMS/96200/96266.1.jpg,45955
486672,TB de Bruyn,/db/PICTURES/CMS/148400/148440.jpg,486672
486679,D Olivier,/db/PICTURES/CMS/316100/316172.jpg,486679
379145,T Shamsi,/db/PICTURES/CMS/317900/317943.jpg,379145
267724,KA Maharaj,/db/PICTURES/CMS/317900/317953.jpg,267724
44656,SC Cook,/db/PICTURES/CMS/232300/232309.1.jpg,44656
375126,GC Viljoen,/db/PICTURES/CMS/309000/309065.png,375126
439952,CH Morris,/db/PICTURES/CMS/263700/263779.1.jpg,439952
550215,K Rabada,/db/PICTURES/CMS/317900/317954.jpg,550215
262456,DJ Vilas,/db/PICTURES/CMS/312100/312187.png,262456
432960,SR Harmer,/db/PICTURES/CMS/300700/300764.1.jpg,432960
372116,T Bavuma,/db/PICTURES/CMS/317900/317941.jpg,372116
267479,S van Zyl,/db/PICTURES/CMS/232500/232523.1.jpg,267479
379926,DL Piedt,/db/PICTURES/CMS/297300/297369.1.jpg,379926
379143,Q de Kock,/db/PICTURES/CMS/317900/317947.jpg,379143
297583,KJ Abbott,/db/PICTURES/CMS/267200/267241.1.jpg,297583
230852,D Elgar,/db/PICTURES/CMS/317900/317963.jpg,230852
44828,F du Plessis,/db/PICTURES/CMS/317900/317961.jpg,44828
45949,RK Kleinveldt,/db/PICTURES/CMS/203100/203157.1.jpg,45949
393279,M de Lange,/db/PICTURES/CMS/301000/301059.1.jpg,393279
46945,VD Philander,/db/PICTURES/CMS/205300/205377.1.jpg,46945
40618,Imran Tahir,/db/PICTURES/CMS/263700/263772.1.jpg,40618
47666,LL Tsotsobe,/db/PICTURES/CMS/203100/203175.1.jpg,47666
46934,AN Petersen,/db/PICTURES/CMS/203100/203151.1.jpg,46934
265564,WD Parnell,/db/PICTURES/CMS/263700/263777.1.jpg,265564
46393,R McLaren,/db/PICTURES/CMS/224000/224073.1.jpg,46393
44930,F de Wet,/db/PICTURES/CMS/203100/203153.1.jpg,44930
46248,JA Morkel,/db/PICTURES/CMS/203100/203139.1.jpg,46248
45932,I Khan,/db/PICTURES/CMS/57600/57606.1.jpg,45932
44932,JP Duminy,/db/PICTURES/CMS/263700/263769.1.jpg,44932
45568,PL Harris,/db/PICTURES/CMS/99100/99121.2.jpg,45568
46538,M Morkel,/db/PICTURES/CMS/263700/263776.1.jpg,46538
44149,J Botha,/db/PICTURES/CMS/203100/203145.1.jpg,44149
45963,CK Langeveldt,/db/PICTURES/CMS/194200/194235.1.jpg,45963
47492,DW Steyn,/db/PICTURES/CMS/315300/315317.jpg,47492
44936,AB de Villiers,/db/PICTURES/CMS/263700/263764.1.jpg,44936
43906,HM Amla,/db/PICTURES/CMS/263700/263765.1.jpg,43906
47630,TL Tsolekile,/db/PICTURES/CMS/150800/150863.1.jpg,47630
44689,Z de Bruyn,/db/PICTURES/CMS/150800/150878.1.jpg,44689
48112,M Zondeki,/db/PICTURES/CMS/99100/99132.2.jpg,48112
46750,RJ Peterson,/db/PICTURES/CMS/203100/203137.1.jpg,46750
47903,CM Willoughby,/db/PICTURES/CMS/144200/144289.1.jpg,47903
47015,JA Rudolph,/db/PICTURES/CMS/203100/203141.1.jpg,47015
44682,AC Dawson,/db/PICTURES/DB/102003/046744.player.jpg,44682
47700,M van Jaarsveld,/db/PICTURES/CMS/131400/131425.1.jpg,47700
47270,GC Smith,/db/PICTURES/CMS/203100/203147.1.jpg,47270
46784,D Pretorius,/db/PICTURES/CMS/53400/53456.1.jpg,46784
45396,AJ Hall,/db/PICTURES/CMS/156700/156759.1.jpg,45396
46788,AG Prince,/db/PICTURES/CMS/203100/203135.1.jpg,46788
46681,JL Ontong,/db/PICTURES/CMS/258600/258613.jpg,46681
46569,A Nel,/db/PICTURES/CMS/99100/99128.2.jpg,46569
45431,CW Henderson,/db/PICTURES/CMS/157000/157084.1.jpg,45431
45797,JM Kemp,/db/PICTURES/CMS/66100/66157.1.jpg,45797
46599,M Ngam,/db/PICTURES/DB/052001/026393.player.jpg,46599
46208,ND McKenzie,/db/PICTURES/CMS/150800/150877.1.jpg,46208
44091,N Boje,/db/PICTURES/CMS/136700/136783.1.jpg,44091
47255,PC Strydom,/db/PICTURES/DB/062004/052757.player.jpg,47255
45419,M Hayward,/db/PICTURES/DB/042005/059731.player.jpg,45419
44708,HH Dippenaar,/db/PICTURES/CMS/102800/102838.1.jpg,44708
47541,DJ Terbrugge,/db/PICTURES/DB/012005/057770.player.jpg,47541
44960,S Elworthy,/db/PICTURES/CMS/9300/9321.1.jpg,44960
45984,GFJ Liebenberg,/db/PICTURES/DB/102001/031202.jpg,45984
46592,M Ntini,/db/PICTURES/CMS/108400/108469.1.jpg,46592
43913,HD Ackerman,/db/PICTURES/CMS/102800/102834.1.jpg,43913
44111,MV Boucher,/db/PICTURES/CMS/136700/136790.1.jpg,44111
44024,AM Bacher,/db/PICTURES/DB/042003/043892.player.jpg,44024
45821,L Klusener,/db/PICTURES/DB/112004/055621.player.jpg,45821
45224,HH Gibbs,/db/PICTURES/CMS/146300/146343.1.jpg,45224
43919,PR Adams,/db/PICTURES/DB/012004/049565.player.jpg,43919
45789,JH Kallis,/db/PICTURES/CMS/203100/203133.1.jpg,45789
46774,SM Pollock,/db/PICTURES/CMS/66100/66162.1.jpg,46774
47242,PJR Steyn,false,default
45711,SD Jack,false,default
44455,JB Commins,false,default
45813,G Kirsten,/db/PICTURES/CMS/17100/17119.jpg,45813
44696,PS de Villiers,/db/PICTURES/CMS/126100/126173.1.jpg,44696
47267,PL Symcox,/db/PICTURES/CMS/315900/315944.jpg,47267
44954,CE Eksteen,/db/PICTURES/DB/042001/024643.player.jpg,44954
44489,DJ Cullinan,/db/PICTURES/DB/032004/051153.player.jpg,44489
46189,CR Matthews,/db/PICTURES/CMS/315300/315322.jpg,46189
47165,BN Schultz,/db/PICTURES/CMS/315300/315323.jpg,47165
46973,JN Rhodes,/db/PICTURES/CMS/314300/314376.jpg,46973
46214,BM McMillan,/db/PICTURES/CMS/49800/49896.player.jpg,46214
45437,O Henry,/db/PICTURES/DB/062002/036737.player.jpg,45437
44465,SJ Cook,/db/PICTURES/DB/072004/053699.player.jpg,44465
47884,KC Wessels,/db/PICTURES/CMS/33800/33846.1.jpg,47884
47215,RP Snell,/db/PICTURES/CMS/315300/315327.jpg,47215
47011,MW Rushmere,false,default
46978,DJ Richardson,/db/PICTURES/DB/032002/035007.player.jpg,46978
46790,MW Pringle,/db/PICTURES/CMS/315300/315326.jpg,46790
45840,AP Kuiper,/db/PICTURES/CMS/88200/88235.1.jpg,45840
45815,PN Kirsten,/db/PICTURES/DB/112004/055622.player.jpg,45815
45458,AC Hudson,/db/PICTURES/CMS/29000/29052.player.jpg,45458
44716,AA Donald,/db/PICTURES/CMS/101900/101905.1.jpg,44716
44485,WJ Cronje,/db/PICTURES/CMS/314300/314377.jpg,44485
44097,T Bosch,/db/PICTURES/DB/042004/051511.player.jpg,44097
55802,AJ Traicos,/db/PICTURES/CMS/66600/66681.1.jpg,55802
46982,BA Richards,/db/PICTURES/CMS/304000/304058.jpg,46982
45696,BL Irvine,/db/PICTURES/DB/012005/057883.player.jpg,45696
45214,D Gamsy,/db/PICTURES/CMS/315300/315328.jpg,45214
44438,GA Chevalier,false,default
44738,JH du Preez,false,default
47554,PHJ Trimborn,false,default
46793,MJ Procter,/db/PICTURES/CMS/304000/304067.jpg,46793
44730,R Dumbrill,false,default
44109,JT Botten,false,default
44026,A Bacher,/db/PICTURES/DB/062004/053131.player.jpg,44026
46150,MJ Macaulay,false,default
45397,GG Hall,/db/PICTURES/CMS/315300/315329.jpg,45397
47717,GD Varnals,false,default
45399,CG Halse,/db/PICTURES/CMS/315300/315330.jpg,45399
47692,PL van der Merwe,/db/PICTURES/DB/032005/058813.player.jpg,47692
47179,MA Seymour,false,default
46772,RG Pollock,/db/PICTURES/CMS/304000/304065.jpg,46772
46761,DB Pithey,false,default
46736,JT Partridge,false,default
45990,DT Lindsay,/db/PICTURES/CMS/56200/56210.1.jpg,45990
45960,HR Lance,/db/PICTURES/CMS/315300/315331.jpg,45960
45037,WS Farrer,false,default
44143,SF Burke,false,default
47863,KA Walter,false,default
46770,PM Pollock,/db/PICTURES/CMS/13800/13842.player.jpg,46770
45967,GB Lawrence,false,default
44955,MK Elgie,false,default
44124,HD Bromfield,false,default
44084,KC Bland,/db/PICTURES/CMS/57400/57402.1.jpg,44084
44045,EJ Barlow,/db/PICTURES/CMS/304000/304062.jpg,44045
46210,AH McKinnon,/db/PICTURES/CMS/315300/315332.jpg,46210
46781,JE Pothecary,false,default
47879,C Wesley,false,default
46677,S O'Linn,false,default
45247,GM Griffin,/db/PICTURES/CMS/32800/32854.1.jpg,45247
45041,JP Fellows-Smith,false,default
44424,PR Carlstein,/db/PICTURES/DB/102004/055492.player.jpg,44424
44076,CGD Burger,false,default
44727,CAR Duckworth,false,default
46760,AJ Pithey,/db/PICTURES/DB/102004/055489.player.jpg,46760
47532,AI Taylor,false,default
45428,PS Heine,/db/PICTURES/DB/022005/058104.player.jpg,45428
45234,TL Goddard,/db/PICTURES/CMS/315300/315333.jpg,45234
47885,RJ Westcott,false,default
45694,DEJ Ironside,false,default
43923,NAT Adcock,/db/PICTURES/DB/112004/055633.player.jpg,43923
45793,HJ Keith,/db/PICTURES/CMS/315300/315334.jpg,45793
45080,ERH Fuller,false,default
46264,ARA Murray,false,default
45081,KJ Funston,false,default
44964,WR Endean,/db/PICTURES/DB/022005/058009.player.jpg,44964
46170,PNF Mansell,/db/PICTURES/DB/102004/055499.player.jpg,46170
46212,RA McLean,false,default
47857,JHB Waite,false,default
47704,CB van Ryneveld,/db/PICTURES/CMS/81000/81049.1.jpg,47704
46203,DJ McGlew,false,default
44441,GWA Chubb,false,default
47912,PL Winslow,/db/PICTURES/CMS/133500/133533.1.jpg,47912
46219,MG Melle,false,default
44721,RG Draper,false,default
47869,JC Watkins,false,default
47531,HJ Tayfield,/db/PICTURES/DB/122004/057051.player.jpg,47531
46570,JD Nel,false,default
44435,JE Cheetham,false,default
46173,LA Markham,false,default
45408,MA Hanley,false,default
47920,OE Wynne,false,default
46196,CN McCarthy,/db/PICTURES/DB/112004/055634.player.jpg,46196
44062,DW Begbie,/db/PICTURES/CMS/76000/76025.jpg,44062
45078,GM Fullerton,false,default
46765,JB Plimsoll,/db/PICTURES/DB/042004/051982.player.jpg,46765
44747,DV Dyer,false,default
47559,L Tuckett,/db/PICTURES/CMS/76000/76026.jpg,47559
47213,VI Smith,false,default
47003,AMB Rowan,/db/PICTURES/CMS/57300/57399.1.jpg,47003
46168,NBF Mann,/db/PICTURES/DB/122004/056860.player.jpg,46168
45991,JD Lindsay,false,default
45414,TA Harris,false,default
44683,OC Dawson,false,default
45246,RE Grieveson,false,default
47855,WW Wade,false,default
47681,PGV van der Bijl,false,default
46221,A Melville,/db/PICTURES/DB/112004/055625.player.jpg,46221
45239,N Gordon,/db/PICTURES/CMS/76000/76029.1.jpg,45239
44092,GE Bond,false,default
45416,RL Harvey,false,default
44676,EQ Davies,false,default
44121,AW Briscoe,/db/PICTURES/CMS/76100/76122.1.jpg,44121
44088,EG Bock,false,default
46991,JB Robertson,false,default
46578,F Nicholson,false,default
47854,HF Wade,false,default
47548,DS Tomlinson,/db/PICTURES/CMS/55700/55774.1.jpg,47548
47005,EAB Rowan,false,default
46589,AD Nourse,/db/PICTURES/CMS/50100/50136.player.jpg,46589
46132,ACB Langton,/db/PICTURES/CMS/76100/76115.1.jpg,46132
44481,RJ Crisp,false,default
44132,LS Brown,false,default
44450,JAK Cochran,false,default
47733,KG Viljoen,false,default
46577,ES Newson,false,default
44491,SH Curnow,false,default
44040,XC Balaskas,/db/PICTURES/DB/112004/055636.player.jpg,44040
47689,EA van der Merwe,false,default
46216,Q McMillan,false,default
44673,EL Dalton,/db/PICTURES/CMS/55700/55772.1.jpg,44673
44065,AJ Bell,/db/PICTURES/DB/032005/058869.player.jpg,44065
46952,NA Quinn,false,default
46691,HGO Owen-Smith,/db/PICTURES/CMS/80900/80999.1.jpg,46691
46233,B Mitchell,/db/PICTURES/CMS/59100/59176.1.jpg,46233
44440,JAJ Christy,false,default
47188,IJ Siedle,false,default
46674,AL Ochse,false,default
46580,JFW Nicolson,false,default
46725,AW Palm,false,default
44078,GF Bissett,false,default
47736,CL Vincent,false,default
46794,HLE Promnitz,false,default
46246,DPB Morkel,/db/PICTURES/CMS/68700/68771.1.jpg,46246
44731,JP Duminy,false,default
44451,SK Coen,false,default
44419,HB Cameron,/db/PICTURES/CMS/13800/13888.player.jpg,44419
47259,MJ Susskind,false,default
46728,GM Parker,/db/PICTURES/CMS/1700/1769.1.jpg,46728
44685,HG Deane,false,default
44460,DP Conyngham,false,default
47526,LE Tapscott,false,default
46217,DJ Meintjes,false,default
45394,AE Hall,false,default
45424,GAL Hearne,false,default
45074,CM Francois,/db/PICTURES/DB/032005/058716.player.jpg,45074
44427,RH Catterall,false,default
44147,ID Buys,false,default
44116,WH Brann,false,default
46968,N Reid,false,default
45992,NV Lindsay,false,default
46594,EP Nupen,/db/PICTURES/DB/032005/058715.player.jpg,46594
46184,WFE Marx,false,default
45993,WVS Ling,false,default
45075,CN Frank,false,default
46006,EB Lundie,false,default
45405,RHM Hands,false,default
47533,D Taylor,false,default
45974,FL le Roux,false,default
44430,HW Chapman,false,default
47558,LR Tuckett,false,default
44709,CD Dixon,false,default
46574,C Newberry,false,default
47525,GL Tapscott,false,default
45980,PT Lewis,false,default
45404,PAM Hands,false,default
44474,JL Cox,false,default
44468,AHC Cooper,false,default
44082,JM Blanckenberg,/db/PICTURES/CMS/25300/25388.1.jpg,44082
44056,HV Baumgartner,false,default
44426,CP Carter,false,default
47867,TA Ward,false,default
47535,HW Taylor,/db/PICTURES/CMS/17700/17767.player.jpg,47535
17048,F Mitchell,/db/PICTURES/DB/052004/052518.player.jpg,17048
45415,GPD Hartigan,false,default
44059,R Beaumont,false,default
46741,COC Pearse,false,default
47157,SV Samuelson,false,default
46586,NO Norton,false,default
46745,SJ Pegler,/db/PICTURES/DB/052004/052466.player.jpg,46745
45057,CE Floquet,false,default
48109,JW Zulch,false,default
47251,LA Stricker,false,default
44454,JMM Commaille,false,default
44421,T Campbell,false,default
47216,SD Snooke,false,default
47887,GC White,/db/PICTURES/CMS/56800/56823.1.jpg,47887
47739,AEE Vogler,/db/PICTURES/DB/042004/052001.player.jpg,47739
47217,SJ Snooke,false,default
47186,PW Sherwell,/db/PICTURES/CMS/68700/68777.2.jpg,47186
47168,RO Schwarz,/db/PICTURES/CMS/17700/17769.player.jpg,47168
45039,GA Faulkner,/db/PICTURES/CMS/17700/17770.jpg,45039
47565,PS Twentyman-Jones,false,default
45833,JJ Kotze,/db/PICTURES/DB/042004/051540.player.jpg,45833
43933,JH Anderson,false,default
47556,G Thornton,false,default
47522,LJ Tancred,false,default
47516,HM Taberer,/db/PICTURES/DB/032005/058882.player.jpg,47516
47204,CJE Smith,false,default
46590,AW Nourse,false,default
45417,CMH Hathorn,false,default
47181,WA Shalders,false,default
46789,CFH Prince,false,default
46782,AW Powell,false,default
45841,F Kuys,false,default
47523,VM Tancred,false,default
47221,WRT Solomon,false,default
45242,R Graham,false,default
45072,HH Francis,false,default
44719,RR Dower,false,default
44079,M Bisset,false,default
47173,AW Seccull,false,default
46980,AR Richards,false,default
45232,GK Glover,false,default
47185,GH Shepstone,false,default
47006,GA Rowe,false,default
45996,CB Llewellyn,/db/PICTURES/DB/012001/021615.player.jpg,45996
45729,CL Johnson,false,default
45076,WHB Frank,false,default
47904,JT Willoughby,false,default
47195,JH Sinclair,false,default
46776,RM Poore,/db/PICTURES/CMS/57100/57157.1.jpg,46776
46227,J Middleton,false,default
45442,CFW Hime,false,default
45231,RA Gleeson,false,default
44463,FJ Cook,false,default
47909,CS Wimble,false,default
47002,TW Routledge,false,default
46729,DC Parkin,false,default
46229,CH Mills,false,default
45423,F Hearne,false,default
45393,EA Halliwell,/db/PICTURES/DB/042004/051545.player.jpg,45393
45048,CG Fichardt,false,default
44743,JF du Toit,false,default
44480,G Cripps,false,default
47568,NHCD Theunissen,false,default
46983,WHM Richards,false,default
43938,WH Ashley,false,default
47737,CH Vintcent,false,default
47521,AB Tancred,false,default
47240,RB Stewart,false,default
47206,FW Smith,false,default
46996,A Rose-Innes,false,default
46673,AE Ochse,false,default
46231,WH Milton,false,default
45794,GA Kempis,false,default
45463,P Hutchinson,false,default
45051,CE Finlason,false,default
44732,OR Dunell,false,default
